{
  "experiment_info": {
    "num_episodes_per_agent": 50,
    "max_steps_per_episode": 100
  },
  "greedy_agent": {
    "agent_name": "Greedy Manhattan Agent",
    "success": [
      true,
      false,
      false,
      false,
      true,
      true,
      false,
      true,
      true,
      true,
      false,
      true,
      true,
      false,
      true,
      false,
      true,
      true,
      true,
      true,
      false,
      false,
      false,
      true,
      true,
      true,
      true,
      true,
      true,
      false,
      false,
      false,
      true,
      true,
      true,
      true,
      true,
      false,
      true,
      true,
      true,
      false,
      true,
      false,
      true,
      true,
      true,
      true,
      true,
      true
    ],
    "episode_length": [
      70,
      100,
      100,
      100,
      28,
      25,
      100,
      11,
      16,
      11,
      100,
      18,
      13,
      100,
      15,
      100,
      17,
      17,
      18,
      23,
      100,
      100,
      100,
      10,
      8,
      8,
      24,
      12,
      17,
      100,
      100,
      100,
      13,
      14,
      28,
      9,
      21,
      100,
      28,
      15,
      10,
      100,
      11,
      100,
      14,
      6,
      7,
      25,
      19,
      19
    ],
    "final_battery": [
      130,
      100,
      100,
      100,
      172,
      175,
      100,
      189,
      184,
      189,
      100,
      182,
      187,
      100,
      185,
      100,
      183,
      183,
      182,
      177,
      100,
      100,
      100,
      190,
      192,
      192,
      176,
      188,
      183,
      100,
      100,
      100,
      187,
      186,
      172,
      191,
      179,
      100,
      172,
      185,
      190,
      100,
      189,
      100,
      186,
      194,
      193,
      175,
      181,
      181
    ],
    "total_reward": [
      7.999999999999997,
      -9.99999999999998,
      -4.999999999999997,
      -9.99999999999998,
      12.2,
      12.5,
      -9.99999999999998,
      13.900000000000002,
      13.400000000000002,
      13.900000000000002,
      -4.999999999999998,
      13.200000000000001,
      13.700000000000003,
      -4.999999999999998,
      13.500000000000002,
      -4.999999999999998,
      13.3,
      13.300000000000004,
      13.200000000000001,
      12.700000000000003,
      -4.999999999999998,
      -9.99999999999998,
      -9.99999999999998,
      14.000000000000004,
      14.200000000000001,
      14.200000000000003,
      12.600000000000001,
      13.8,
      13.3,
      -5.0,
      -9.99999999999998,
      -4.999999999999999,
      13.700000000000003,
      13.6,
      12.2,
      14.100000000000003,
      12.9,
      -5.0,
      12.2,
      13.500000000000002,
      14.000000000000002,
      -9.99999999999998,
      13.900000000000002,
      -9.99999999999998,
      13.600000000000001,
      14.400000000000002,
      14.3,
      12.5,
      13.100000000000003,
      13.100000000000001
    ],
    "completed_episodes": 34,
    "truncated_episodes": 16
  },
  "reflex_agent": {
    "agent_name": "Simple Reflex Agent",
    "success": [
      true,
      false,
      true,
      true,
      false,
      false,
      true,
      true,
      false,
      true,
      true,
      true,
      false,
      false,
      true,
      true,
      true,
      true,
      true,
      false,
      true,
      true,
      true,
      false,
      true,
      false,
      true,
      true,
      false,
      true,
      false,
      true,
      false,
      true,
      true,
      true,
      true,
      false,
      false,
      false,
      false,
      false,
      true,
      true,
      true,
      true,
      false,
      true,
      true,
      false
    ],
    "episode_length": [
      18,
      100,
      84,
      30,
      100,
      100,
      10,
      8,
      100,
      37,
      14,
      19,
      100,
      100,
      16,
      40,
      10,
      9,
      18,
      100,
      60,
      8,
      53,
      100,
      7,
      100,
      40,
      71,
      100,
      46,
      100,
      14,
      100,
      9,
      13,
      20,
      19,
      100,
      100,
      100,
      100,
      100,
      5,
      10,
      21,
      12,
      100,
      13,
      7,
      100
    ],
    "final_battery": [
      182,
      100,
      116,
      170,
      100,
      100,
      190,
      192,
      100,
      163,
      186,
      181,
      100,
      100,
      184,
      160,
      190,
      191,
      182,
      100,
      140,
      192,
      147,
      100,
      193,
      100,
      160,
      129,
      100,
      154,
      100,
      186,
      100,
      191,
      187,
      180,
      181,
      100,
      100,
      100,
      100,
      100,
      195,
      190,
      179,
      188,
      100,
      187,
      193,
      100
    ],
    "total_reward": [
      13.200000000000001,
      -9.99999999999998,
      6.600000000000009,
      12.0,
      -4.999999999999998,
      -4.999999999999998,
      14.0,
      14.200000000000001,
      -4.999999999999998,
      11.299999999999999,
      13.600000000000001,
      13.100000000000001,
      -9.99999999999998,
      -5.000000000000001,
      13.4,
      10.999999999999998,
      14.0,
      14.100000000000001,
      13.200000000000001,
      -4.999999999999998,
      9.000000000000002,
      14.200000000000001,
      9.700000000000001,
      -4.999999999999998,
      14.300000000000002,
      -9.99999999999998,
      11.0,
      7.9,
      -5.0,
      10.399999999999999,
      -5.0,
      13.600000000000001,
      -4.999999999999998,
      14.100000000000001,
      13.700000000000003,
      13.0,
      13.100000000000001,
      -4.9999999999999885,
      -4.999999999999998,
      -5.0,
      -9.99999999999998,
      -9.99999999999998,
      14.500000000000002,
      14.000000000000004,
      12.9,
      13.8,
      -5.0,
      13.700000000000001,
      14.300000000000002,
      -9.99999999999998
    ],
    "completed_episodes": 31,
    "truncated_episodes": 19
  }
}