{
  "greedy": {
    "agent_name": "Greedy",
    "num_episodes": 25,
    "success_rate": 72.0,
    "successful_episodes": 18,
    "all_steps": [
      16,
      36,
      14,
      8,
      6,
      23,
      15,
      13,
      75,
      7,
      5,
      75,
      16,
      75,
      5,
      75,
      75,
      75,
      12,
      9,
      12,
      26,
      7,
      75,
      16
    ],
    "successful_steps": [
      16,
      36,
      14,
      8,
      6,
      23,
      15,
      13,
      7,
      5,
      16,
      5,
      12,
      9,
      12,
      26,
      7,
      16
    ],
    "mean_steps_all": 30.84,
    "median_steps_all": 16.0,
    "std_steps_all": 28.336097120104597,
    "mean_steps_successful": 13.666666666666666,
    "median_steps_successful": 12.5,
    "all_batteries": [
      184,
      164,
      186,
      192,
      194,
      177,
      185,
      187,
      125,
      193,
      195,
      125,
      184,
      125,
      195,
      125,
      125,
      125,
      188,
      191,
      188,
      174,
      193,
      125,
      184
    ],
    "successful_batteries": [
      184,
      164,
      186,
      192,
      194,
      177,
      185,
      187,
      193,
      195,
      184,
      195,
      188,
      191,
      188,
      174,
      193,
      184
    ],
    "mean_battery_all": 169.16,
    "median_battery_all": 184.0,
    "std_battery_all": 28.3360971201046,
    "mean_battery_successful": 186.33333333333334,
    "all_rewards": [
      13.4,
      11.399999999999999,
      13.600000000000001,
      14.200000000000003,
      14.400000000000002,
      12.7,
      13.500000000000004,
      13.700000000000003,
      -2.5000000000000018,
      14.3,
      14.5,
      -7.499999999999989,
      13.400000000000002,
      -2.5000000000000018,
      14.5,
      -2.5000000000000018,
      -2.5000000000000018,
      -7.499999999999989,
      13.800000000000002,
      14.100000000000003,
      13.8,
      12.400000000000002,
      14.3,
      -7.499999999999989,
      13.4
    ],
    "successful_rewards": [
      13.4,
      11.399999999999999,
      13.600000000000001,
      14.200000000000003,
      14.400000000000002,
      12.7,
      13.500000000000004,
      13.700000000000003,
      14.3,
      14.5,
      13.400000000000002,
      14.5,
      13.800000000000002,
      14.100000000000003,
      13.8,
      12.400000000000002,
      14.3,
      13.4
    ],
    "mean_reward_all": 8.516000000000002,
    "median_reward_all": 13.400000000000002,
    "std_reward_all": 8.336554684040642,
    "mean_reward_successful": 13.633333333333335
  },
  "reflex": {
    "agent_name": "Reflex",
    "num_episodes": 25,
    "success_rate": 60.0,
    "successful_episodes": 15,
    "all_steps": [
      10,
      75,
      9,
      10,
      10,
      75,
      10,
      7,
      75,
      75,
      75,
      5,
      13,
      10,
      7,
      75,
      6,
      8,
      75,
      75,
      75,
      14,
      75,
      9,
      12
    ],
    "successful_steps": [
      10,
      9,
      10,
      10,
      10,
      7,
      5,
      13,
      10,
      7,
      6,
      8,
      14,
      9,
      12
    ],
    "mean_steps_all": 35.6,
    "median_steps_all": 12.0,
    "std_steps_all": 32.22421449779653,
    "mean_steps_successful": 9.333333333333334,
    "median_steps_successful": 10.0,
    "all_batteries": [
      190,
      125,
      191,
      190,
      190,
      125,
      190,
      193,
      125,
      125,
      125,
      195,
      187,
      190,
      193,
      125,
      194,
      192,
      125,
      125,
      125,
      186,
      125,
      191,
      188
    ],
    "successful_batteries": [
      190,
      191,
      190,
      190,
      190,
      193,
      195,
      187,
      190,
      193,
      194,
      192,
      186,
      191,
      188
    ],
    "mean_battery_all": 164.4,
    "median_battery_all": 188.0,
    "std_battery_all": 32.22421449779653,
    "mean_battery_successful": 190.66666666666666,
    "all_rewards": [
      14.000000000000004,
      -2.5000000000000018,
      14.100000000000001,
      14.000000000000002,
      14.000000000000002,
      -2.500000000000001,
      14.000000000000002,
      14.3,
      -7.499999999999989,
      -2.500000000000001,
      -7.499999999999989,
      14.500000000000002,
      13.700000000000003,
      14.000000000000002,
      14.300000000000002,
      -7.499999999999989,
      14.400000000000002,
      14.200000000000003,
      -2.5000000000000027,
      -2.5,
      -7.499999999999989,
      13.600000000000003,
      -7.499999999999989,
      14.100000000000001,
      13.800000000000002
    ],
    "successful_rewards": [
      14.000000000000004,
      14.100000000000001,
      14.000000000000002,
      14.000000000000002,
      14.000000000000002,
      14.3,
      14.500000000000002,
      13.700000000000003,
      14.000000000000002,
      14.300000000000002,
      14.400000000000002,
      14.200000000000003,
      13.600000000000003,
      14.100000000000001,
      13.800000000000002
    ],
    "mean_reward_all": 6.440000000000003,
    "median_reward_all": 13.800000000000002,
    "std_reward_all": 9.475441942199845,
    "mean_reward_successful": 14.06666666666667
  },
  "comparison": {
    "success_rate_diff": 12.0,
    "steps_diff": -4.760000000000002,
    "battery_diff": 4.759999999999991
  }
}